<?xml version='1.0' encoding='utf-8'?>
<addon
  author="N2Roar"
  id="plugin.roarbuildanime"
  name="ROAR Build Anime"
  version="0.0.3">
	<requires>
		<!-- 3rd Party Anime -->
		<!-- Official Addons -->
	</requires>
    <extension library="addon.py" point="xbmc.python.pluginsource">
        <provides>executable</provides>
    </extension>
    <extension point="xbmc.addon.metadata">
        <summary lang="en">Anime Addons</summary>
        <description lang="en">9Anime, Anime Incursion, Dubbed Anime, WatchNixtoons{CR}Adult Swim</description>
        <disclaimer lang="en">Kodi is a registered trademark of the XBMC Foundation. We are not connected to or in any other way affiliated with Kodi, Team Kodi, or the XBMC Foundation. Furthermore, any software, addons, or products offered by us will receive no support in official Kodi channels, including the Kodi forums and various social networks.</disclaimer>
        <language>en</language>
        <platform>all</platform>
    </extension>
</addon>