<?xml version="1.0" encoding="UTF-8" standalone="yes"?>
<addon id="plugin.video.watchnixtoons2" name="WatchNixtoons2" version="0.4.4" provider-name="doko">
    <requires>
        <import addon="xbmc.python" version="2.20.0"/>
        <import addon="script.module.requests"/>
    </requires>
    <extension point="xbmc.python.pluginsource" library="Default.py">
        <provides>video</provides>
    </extension>
    <extension point="xbmc.addon.metadata">
        <news>
[COLOR orange][B]WatchNixtoons2[/B][/COLOR] - Cartoons &amp; Anime
[B]0.4.4:[/B]
- Added an "About" button to the Trakt tab of the add-on settings, explaining how to use it.

[B]0.4.3:[/B]
- Fixed the series and episode search.

[B]0.4.2:[/B]
- Added a [B]Tools[/B] category to the settings. Each tool brings up a confirmation dialog
explaining how they work, so you can read before using.
- Tools added: Restore Watched Episodes, Update Favourites.
- Minor fix to movie titles.

[B]0.4.1:[/B]
- Changed to a WatchCartoonOnline domain that's updated more frequently.
- Fix for letters in episode numbers (when using the "Clean Episode Titles" option).

[B]0.4.0:[/B]
- Fix for when there's weird season ordinals in the episode titles.

[B]0.3.9:[/B]
- Fix for when there's blank lists on the mobile website.

[B]0.3.8:[/B]
- Fix for when using favorite items with the old website address.

[B]0.3.7:[/B]
- Fixed thumbnail images with the Show Information context menu.
        </news>
        <description lang="en">
Watch cartoons and anime from [COLOR orange][B]www.TheWatchCartoonOnline.tv[/B][/COLOR].

Support the WatchCartoonOnline website with a PayPal donation to:
[COLOR khaki][B]wcohelp@yandex.com[/B][/COLOR]

Add-on by doko.
        </description>
        <platform lang="en">all</platform>
        <disclaimer lang="en">The authors of this addon do not host any of the content found or have any affiliation with the content providers. This add-on only scrapes web pages.</disclaimer>
    </extension>
</addon>