<addon id="plugin.video.wonderfulsubs" name="WonderfulSubs : Anime Subs &amp; Dubs" provider-name="DxCx" version="0.0.27">
  <requires>
    <import addon="xbmc.python" version="2.25.0" />
    <import addon="script.module.requests" version="2.12.4" />
    <import addon="script.module.beautifulsoup4" version="4.5.3" />
    <import addon="script.common.plugin.cache" version="2.5.5" />
    <import addon="script.module.inputstreamhelper" version="0.3.3" />
  </requires>
  <extension library="default.py" point="xbmc.python.pluginsource">
        <provides>video</provides>
  </extension>
  <extension point="xbmc.addon.metadata">
    <summary lang="en">WonderfulSubs : Anime Subs &amp; Dubs</summary>
    <description lang="en">HD Animes</description>
    <source>https://github.com/DxCx/plugin.video.wonderfulsubs</source>
    <platform>all</platform>
  </extension>
</addon>