<?xml version="1.0" encoding="UTF-8" standalone="yes"?>
<addon id="plugin.video.dubbedanime" version="1.0.4" name="Dubbed Anime" provider-name="#">
	<requires>
		<import addon="xbmc.python" version="2.19.0" />
		<import addon="script.module.beautifulsoup4"/>
	</requires>
	<extension point="xbmc.python.pluginsource" library="default.py">
		<provides>video</provides>
	</extension>
	<extension point="xbmc.addon.metadata">
		<summary lang="en"></summary>
		<description lang="en"></description>
		<platform>all</platform>
		<forum></forum>
		<website></website>
		<source></source>
		<disclaimer lang="en"></disclaimer>
		<news></news>
	</extension>
</addon>
