<?xml version="1.0" encoding="UTF-8" standalone="yes"?>
<addon id="script.Yoda.metadata" version="1.0.5" name="[COLORgreen]Yoda Metadata[/COLOR]" provider-name="S">
	<requires>
		<import addon="xbmc.python" version="2.19.0"/>
	</requires>
	<extension point="xbmc.python.module" library="lib" />
	<extension point="xbmc.addon.metadata">
		<summary>Metadata for the Yoda Addon</summary>
		<description>Metadata for Yoda are maintained separately to make distribution of the the addon itself easier/faster.</description>
		<platform>all</platform>
	</extension>
</addon>
