<?xml version='1.0' encoding='utf-8'?>
<addon
  author="N2Roar"
  id="plugin.roarbuildscraper"
  name="ROAR Build Scraper"
  version="0.0.4">
	<requires>
		<!-- 3rd Party Scraper -->
		<!-- 3rd Party Covenant Fork -->
		<import addon="plugin.video.13clowns" optional="true"/>
		<import addon="plugin.video.exodusredux" optional="true"/>
		<!-- 3rd Party Universal Scrapers -->
		<import addon="plugin.video.neptune"/>
		<import addon="plugin.video.uranus"/>
	</requires>
    <extension library="addon.py" point="xbmc.python.pluginsource">
        <provides>executable</provides>
    </extension>
    <extension point="xbmc.addon.metadata">
        <summary lang="en">Scraper Addons</summary>
        <description lang="en">Death Streams[CR]Incursion, Placenta{CR}Neptune Rising, Uranus[CR]</description>
        <disclaimer lang="en">Kodi is a registered trademark of the XBMC Foundation. We are not connected to or in any other way affiliated with Kodi, Team Kodi, or the XBMC Foundation. Furthermore, any software, addons, or products offered by us will receive no support in official Kodi channels, including the Kodi forums and various social networks.</disclaimer>
        <language>en</language>
        <platform>all</platform>
    </extension>
</addon>