<?xml version='1.0' encoding='utf-8'?>
<addon
  id="plugin.roarbuild"
  name="ROAR Build"
  version="0.0.3"
  provider-name="N2Roar">
	<requires>
		<!-- Official Useful Modules -->
		<import addon="inputstream.adaptive"/>
		<import addon="inputstream.rtmp"/>
		<import addon="plugin.program.autocompletion"/>
		<import addon="service.subtitles.rvm.addic7ed"/>
		<!-- 3rd Party Useful Addons -->
		<import addon="plugin.video.openmeta"/>
		<!-- 3rd Party Useful Modules -->
		<import addon="service.subtitles.opensubtitles_by_opensubtitles"/>
	</requires>
	<extension library="addon.py" point="xbmc.python.pluginsource">
		<provides>executable</provides>
	</extension>
	<extension point="xbmc.addon.metadata">
		<summary lang="en">ROAR Build</summary>
		<description lang="en">OpenMeta and other useful stuff</description>
		<disclaimer lang="en">Kodi is a registered trademark of the XBMC Foundation. We are not connected to or in any other way affiliated with Kodi, Team Kodi, or the XBMC Foundation. Furthermore, any software, addons, or products offered by us will receive no support in official Kodi channels, including the Kodi forums and various social networks.</disclaimer>
		<language>en</language>
		<platform>all</platform>
	</extension>
</addon>
