<?xml version="1.0" encoding="UTF-8" standalone="yes"?>
<addon id="repository.wilson-magic" name="Wilson Magic's Kodi Addon Repo" version="0.0.3" provider-name="Wilson Magic">
	<extension point="xbmc.addon.repository" name="Wilson Magic's Kodi Addon Repo">
		<dir>
            <info compressed="false">https://raw.githubusercontent.com/Wilson-Magic/repository.wilson-magic/master/zips/addons.xml</info>
		    <checksum>https://raw.githubusercontent.com/Wilson-Magic/repository.wilson-magic/master/zips/addons.xml.md5</checksum>
		    <datadir zip="true">https://raw.githubusercontent.com/Wilson-Magic/repository.wilson-magic/master/zips</datadir>
        </dir>
        <dir>
            <info compressed="false">https://raw.githubusercontent.com/Gujal00/smrzips/master/addons.xml</info>
            <checksum>https://raw.githubusercontent.com/Gujal00/smrzips/master/addons.xml.md5</checksum>
            <datadir zip="true">https://raw.githubusercontent.com/Gujal00/smrzips/master/zips/</datadir>
        </dir>
	</extension>
	<extension point="xbmc.addon.metadata">
		<summary>Wilson Magic's Kodi Addon Repo</summary>
		<description>Bits, odds and ends.</description>
		<disclaimer></disclaimer>
		<platform>all</platform>
	</extension>
</addon>