<?xml version="1.0" encoding="UTF-8" standalone="yes"?>
<addon id="plugin.video.ctoonkodi" name="CTOON Kodi" version="0.3.10" provider-name="doko, mkody, Tikipeter">
    <requires>
        <import addon="xbmc.python" version="2.20.0"/>
        <import addon="script.module.requests" />
    </requires>
    <extension point="xbmc.python.pluginsource" library="Main.py">
        <provides>video</provides>
    </extension>
    <extension point="xbmc.addon.metadata">
        <description lang="en">
[COLOR mediumpurple][B]CTOON Kodi[/B][/COLOR]

A simple addon for streaming cartoons from the [B]ctoon.party[/B] website.

Help keep CTOON alive, donate to the host: [COLOR khaki][B]ko-fi.com/A637AV5[/B][/COLOR]
        </description>
        <news>
[COLOR mediumpurple][B]CTOON Kodi[/B][/COLOR] - Cartoons

[B]0.3.10:[/B]
- Added support for episodes thumbnail and subtitles (see settings).
- Adapt to API changes.
- Code cleanup and refactor.

[B]0.3.9:[/B]
- Added settings (autoplay, clear cache)
- Added disk and memory caching.

[B]0.3.0:[/B]
- Added support for the CTOON web API.
        </news>
        <platform>all</platform>
    </extension>
</addon>